modelo,version,lotes,f1_macro,n_sinteticas_medio
labse,sin_aumento,0,0.5844509566523425,0.0
labse,bruto,1,0.5867926821002758,90.0
labse,bruto,2,0.5858377037513227,169.6
labse,bruto,3,0.5873544920769354,247.0
labse,bruto,4,0.591184136998577,330.4
labse,bruto,5,0.5888270261637806,416.0
labse,bruto,6,0.5920175841049115,497.8
labse,sin_ruido_etiq,1,0.5898373920123255,73.8
labse,sin_ruido_etiq,2,0.5843624600214186,139.6
labse,sin_ruido_etiq,3,0.589421223088137,194.6
labse,sin_ruido_etiq,4,0.5912534905704286,260.0
labse,sin_ruido_etiq,5,0.587830805827774,333.0
labse,sin_ruido_etiq,6,0.590801024700659,394.6
labse,sin_casi_dup,1,0.5862393025086489,79.4
labse,sin_casi_dup,2,0.5950316398503814,148.4
labse,sin_casi_dup,3,0.5888801138961076,216.2
labse,sin_casi_dup,4,0.5884352020836062,283.2
labse,sin_casi_dup,5,0.5860410739799001,355.2
labse,sin_casi_dup,6,0.5895270048104729,424.6
labse,ambos,1,0.5896727191912258,65.0
labse,ambos,2,0.5859844370780626,120.6
labse,ambos,3,0.5830264799528629,168.4
labse,ambos,4,0.5907986754038637,220.4
labse,ambos,5,0.5895960394844709,281.2
labse,ambos,6,0.5917849222675599,331.8
mbert,sin_aumento,0,0.6668720098582421,0.0
mbert,bruto,1,0.6695110966171528,90.0
mbert,bruto,2,0.6585639218469038,169.6
mbert,bruto,3,0.656441079625691,247.0
mbert,bruto,4,0.6577779502126168,330.4
mbert,bruto,5,0.6583446594757996,416.0
mbert,bruto,6,0.6550240536440655,497.8
mbert,sin_ruido_etiq,1,0.6650199619143693,80.6
mbert,sin_ruido_etiq,2,0.6649336483553464,148.4
mbert,sin_ruido_etiq,3,0.6636874510272682,211.0
mbert,sin_ruido_etiq,4,0.6618742004105101,283.4
mbert,sin_ruido_etiq,5,0.6660084637803926,357.2
mbert,sin_ruido_etiq,6,0.6679571984458096,425.2
mbert,sin_casi_dup,1,0.6678272064834914,79.4
mbert,sin_casi_dup,2,0.6603055458169462,148.4
mbert,sin_casi_dup,3,0.6580098986678843,216.2
mbert,sin_casi_dup,4,0.6556313469135195,283.2
mbert,sin_casi_dup,5,0.6558335873127608,355.2
mbert,sin_casi_dup,6,0.6533501147110053,424.6
mbert,ambos,1,0.6693124558306999,71.2
mbert,ambos,2,0.6646056132639707,128.8
mbert,ambos,3,0.6597376118503124,183.4
mbert,ambos,4,0.6658299604507023,241.4
mbert,ambos,5,0.6668770712210099,302.6
mbert,ambos,6,0.6707363356951364,358.6
xlmr,sin_aumento,0,0.5702490037950666,0.0
xlmr,bruto,1,0.5860356070019225,90.0
xlmr,bruto,2,0.5906096220098759,169.6
xlmr,bruto,3,0.5904360533831685,247.0
xlmr,bruto,4,0.5931735073398737,330.4
xlmr,bruto,5,0.5877990211088732,416.0
xlmr,bruto,6,0.5757330865837799,497.8
xlmr,sin_ruido_etiq,1,0.5715452252711402,71.4
xlmr,sin_ruido_etiq,2,0.5778187946188235,131.0
xlmr,sin_ruido_etiq,3,0.5850724191570874,188.0
xlmr,sin_ruido_etiq,4,0.5803569057177539,252.6
xlmr,sin_ruido_etiq,5,0.5835314027130875,321.8
xlmr,sin_ruido_etiq,6,0.5819030652463671,387.2
xlmr,sin_casi_dup,1,0.5874070198918465,79.4
xlmr,sin_casi_dup,2,0.5923673541636252,148.4
xlmr,sin_casi_dup,3,0.5872771705640988,216.2
xlmr,sin_casi_dup,4,0.5902024310012385,283.2
xlmr,sin_casi_dup,5,0.5876319006053979,355.2
xlmr,sin_casi_dup,6,0.5862083866170853,424.6
xlmr,ambos,1,0.5716413525607436,62.2
xlmr,ambos,2,0.5721068407559604,112.2
xlmr,ambos,3,0.5847799611453713,162.2
xlmr,ambos,4,0.5860303366308152,215.6
xlmr,ambos,5,0.5817894632933313,272.4
xlmr,ambos,6,0.5786169775504619,327.0
