modelo,fold,C,f1_cv_interna,elegido
labse,0,0.01,0.25557462732425307,False
labse,0,0.03,0.35192663703441257,False
labse,0,0.1,0.44528372732588045,False
labse,0,0.3,0.4939756055396994,False
labse,0,1.0,0.5778465163856746,False
labse,0,3.0,0.6190534596544527,False
labse,0,10.0,0.641418317518483,True
labse,0,30.0,0.6297056056068425,False
mbert,0,0.01,0.5928612718396072,False
mbert,0,0.03,0.6493600096553336,False
mbert,0,0.1,0.6682911057274237,False
mbert,0,0.3,0.6799916285083286,True
mbert,0,1.0,0.665180568661556,False
mbert,0,3.0,0.6528945837086776,False
mbert,0,10.0,0.6545683075543693,False
mbert,0,30.0,0.6479431918867641,False
xlmr,0,0.01,0.33442206919529643,False
xlmr,0,0.03,0.42674152480361166,False
xlmr,0,0.1,0.45733562138148187,False
xlmr,0,0.3,0.5068360970856665,False
xlmr,0,1.0,0.5816764853319442,False
xlmr,0,3.0,0.5966160933971122,False
xlmr,0,10.0,0.6116874225566294,True
xlmr,0,30.0,0.6035739478334994,False
labse,1,0.01,0.1780703784373319,False
labse,1,0.03,0.2868629859330654,False
labse,1,0.1,0.4426621241106616,False
labse,1,0.3,0.5168960466891395,False
labse,1,1.0,0.5873780890615571,False
labse,1,3.0,0.6436252573999218,False
labse,1,10.0,0.6560287244471101,True
labse,1,30.0,0.6536935863950629,False
mbert,1,0.01,0.5831938417184974,False
mbert,1,0.03,0.63558339652853,False
mbert,1,0.1,0.6828479759607812,False
mbert,1,0.3,0.6915006466308249,True
mbert,1,1.0,0.677332837680594,False
mbert,1,3.0,0.6672214058597548,False
mbert,1,10.0,0.6710601471067427,False
mbert,1,30.0,0.6541377487333745,False
xlmr,1,0.01,0.2336781629962811,False
xlmr,1,0.03,0.3618439034195961,False
xlmr,1,0.1,0.4682748002862435,False
xlmr,1,0.3,0.5507838283902157,False
xlmr,1,1.0,0.5749693980887973,False
xlmr,1,3.0,0.5971822198226034,False
xlmr,1,10.0,0.6042926343257609,False
xlmr,1,30.0,0.6052270067356381,True
labse,2,0.01,0.11591394193175364,False
labse,2,0.03,0.2525993857429804,False
labse,2,0.1,0.4316757677118708,False
labse,2,0.3,0.5029124612379156,False
labse,2,1.0,0.5733097681484132,False
labse,2,3.0,0.6094085661711436,False
labse,2,10.0,0.6127706158752458,False
labse,2,30.0,0.615380880854133,True
mbert,2,0.01,0.5946183076879875,False
mbert,2,0.03,0.6347208702065071,False
mbert,2,0.1,0.6383691127324692,False
mbert,2,0.3,0.6470951080158432,True
mbert,2,1.0,0.6327248799295853,False
mbert,2,3.0,0.6160964290531996,False
mbert,2,10.0,0.6153505562460697,False
mbert,2,30.0,0.6041060656737648,False
xlmr,2,0.01,0.21654244722058782,False
xlmr,2,0.03,0.3675347596800278,False
xlmr,2,0.1,0.47526050547823745,False
xlmr,2,0.3,0.5488661943104507,False
xlmr,2,1.0,0.5856427539021819,False
xlmr,2,3.0,0.624290262945682,False
xlmr,2,10.0,0.6281446121683784,False
xlmr,2,30.0,0.6301954952748604,True
labse,3,0.01,0.1457824880100477,False
labse,3,0.03,0.30357630713943956,False
labse,3,0.1,0.46695688204750424,False
labse,3,0.3,0.5568311985465484,False
labse,3,1.0,0.5993300040555477,False
labse,3,3.0,0.6186938746263663,False
labse,3,10.0,0.6352437717603937,False
labse,3,30.0,0.6522878824792687,True
mbert,3,0.01,0.6052356144347163,False
mbert,3,0.03,0.6281293709711765,False
mbert,3,0.1,0.6398408481531761,False
mbert,3,0.3,0.6533548770885372,True
mbert,3,1.0,0.6411162037982039,False
mbert,3,3.0,0.6448488765209944,False
mbert,3,10.0,0.630393764632513,False
mbert,3,30.0,0.626005353786075,False
xlmr,3,0.01,0.27987453747677743,False
xlmr,3,0.03,0.3889334437516306,False
xlmr,3,0.1,0.473117321779132,False
xlmr,3,0.3,0.5443861466094436,False
xlmr,3,1.0,0.6048816476120872,False
xlmr,3,3.0,0.623924206191356,True
xlmr,3,10.0,0.6135435053832933,False
xlmr,3,30.0,0.6068855737272415,False
labse,4,0.01,0.15632265388456912,False
labse,4,0.03,0.37494883834020337,False
labse,4,0.1,0.4708546885322622,False
labse,4,0.3,0.5183367392624719,False
labse,4,1.0,0.5776657197536909,False
labse,4,3.0,0.625331489540153,False
labse,4,10.0,0.6350089568626852,True
labse,4,30.0,0.6281915719950635,False
mbert,4,0.01,0.6029745494751083,False
mbert,4,0.03,0.6354379988423068,False
mbert,4,0.1,0.6755339401545534,True
mbert,4,0.3,0.6693164393443722,False
mbert,4,1.0,0.6735426633467633,False
mbert,4,3.0,0.666304065178152,False
mbert,4,10.0,0.6620213495861926,False
mbert,4,30.0,0.6452575754531048,False
xlmr,4,0.01,0.33828949721714574,False
xlmr,4,0.03,0.4239353428956698,False
xlmr,4,0.1,0.4717185781370225,False
xlmr,4,0.3,0.518966166146074,False
xlmr,4,1.0,0.586239726010559,False
xlmr,4,3.0,0.6147466434154123,True
xlmr,4,10.0,0.6135739031637799,False
xlmr,4,30.0,0.6130570345409473,False
