,patron,posicion,longitud,intencion,df_cat,n_cat,cobertura_cat,df_resto,cobertura_resto,especificidad,log_odds
0,pante',inicial,6,SAL,10,71,0.1408,0,0.0,1.0,4.974
1,pante,inicial,5,SAL,10,71,0.1408,0,0.0,1.0,4.974
2,pant,inicial,4,SAL,10,71,0.1408,0,0.0,1.0,4.974
3,muekt,inicial,5,SAL,7,71,0.0986,0,0.0,1.0,4.59
4,muek,inicial,4,SAL,7,71,0.0986,0,0.0,1.0,4.59
5,muektu,inicial,6,SAL,7,71,0.0986,0,0.0,1.0,4.59
6,inlli,inicial,4,SAL,5,71,0.0704,0,0.0,1.0,4.249
7,inll,inicial,3,SAL,5,71,0.0704,0,0.0,1.0,4.249
8,inlli't,inicial,6,SAL,5,71,0.0704,0,0.0,1.0,4.249
9,inlli',inicial,5,SAL,5,71,0.0704,0,0.0,1.0,4.249
10,aw,inicial,2,SAL,4,71,0.0563,0,0.0,1.0,4.034
11,inluuk,inicial,6,SAL,4,71,0.0563,0,0.0,1.0,4.034
12,mudek,inicial,5,SAL,4,71,0.0563,0,0.0,1.0,4.034
13,mude,inicial,4,SAL,4,71,0.0563,0,0.0,1.0,4.034
14,awa,inicial,3,SAL,4,71,0.0563,0,0.0,1.0,4.034
15,enpu,inicial,4,EMO,24,70,0.3429,0,0.0,1.0,6.103
16,enpu',inicial,5,EMO,22,70,0.3143,0,0.0,1.0,5.976
17,enpu'n,inicial,6,EMO,19,70,0.2714,0,0.0,1.0,5.773
18,enp,inicial,3,EMO,24,70,0.3429,1,0.0024,0.96,5.002
19,a'sak,inicial,5,EMO,8,70,0.1143,0,0.0,1.0,4.749
20,a'sa,inicial,4,EMO,8,70,0.1143,0,0.0,1.0,4.749
21,a'sake,inicial,6,EMO,8,70,0.1143,0,0.0,1.0,4.749
22,a's,inicial,3,EMO,8,70,0.1143,0,0.0,1.0,4.749
23,em,inicial,2,EMO,7,70,0.1,0,0.0,1.0,4.608
24,emp,inicial,3,EMO,6,70,0.0857,0,0.0,1.0,4.449
25,empu,inicial,4,EMO,6,70,0.0857,0,0.0,1.0,4.449
26,empu'n,inicial,6,EMO,6,70,0.0857,0,0.0,1.0,4.449
27,empu',inicial,5,EMO,6,70,0.0857,0,0.0,1.0,4.449
28,muship,inicial,5,EMO,5,70,0.0714,0,0.0,1.0,4.267
29,mushi,inicial,4,EMO,5,70,0.0714,0,0.0,1.0,4.267
30,ñapala,inicial,6,PRG,6,71,0.0845,0,0.0,1.0,4.431
31,a'ch,inicial,3,PRG,5,71,0.0704,0,0.0,1.0,4.249
32,a'cha,inicial,4,PRG,5,71,0.0704,0,0.0,1.0,4.249
33,kenm,inicial,4,PRG,5,71,0.0704,2,0.0047,0.7143,2.635
34,kenma,inicial,5,PRG,5,71,0.0704,2,0.0047,0.7143,2.635
35,ñapal,inicial,5,PRG,8,71,0.1127,4,0.0095,0.6667,2.524
36,ken,inicial,3,PRG,5,71,0.0704,3,0.0071,0.625,2.296
37,teki,inicial,4,PRG,6,71,0.0845,9,0.0213,0.4,1.466
38,tekinch,inicial,6,PRG,6,71,0.0845,9,0.0213,0.4,1.466
39,tekin,inicial,5,PRG,6,71,0.0845,9,0.0213,0.4,1.466
40,te,inicial,2,PRG,8,71,0.1127,13,0.0307,0.381,1.404
41,ke,inicial,2,PRG,5,71,0.0704,9,0.0213,0.3571,1.283
42,tek,inicial,3,PRG,7,71,0.0986,13,0.0307,0.35,1.263
43,ñap,inicial,3,PRG,11,71,0.1549,22,0.052,0.3333,1.221
44,ña,inicial,2,PRG,11,71,0.1549,22,0.052,0.3333,1.221
45,wa'ten,inicial,6,REQUEST,5,70,0.0714,0,0.0,1.0,4.267
46,wa'te,inicial,5,REQUEST,5,70,0.0714,0,0.0,1.0,4.267
47,wa't,inicial,4,REQUEST,5,70,0.0714,0,0.0,1.0,4.267
48,yaw,inicial,3,REQUEST,4,70,0.0571,0,0.0,1.0,4.051
49,ta'itu,inicial,6,REQUEST,4,70,0.0571,0,0.0,1.0,4.051
50,ta'i,inicial,4,REQUEST,4,70,0.0571,0,0.0,1.0,4.051
51,ta'it,inicial,5,REQUEST,4,70,0.0571,0,0.0,1.0,4.051
52,ya,inicial,2,REQUEST,8,70,0.1143,3,0.0071,0.7273,2.796
53,wa',inicial,3,REQUEST,5,70,0.0714,2,0.0047,0.7143,2.653
54,yenni,inicial,5,REQUEST,12,70,0.1714,7,0.0165,0.6316,2.476
55,yenn,inicial,4,REQUEST,12,70,0.1714,7,0.0165,0.6316,2.476
56,yennit,inicial,6,REQUEST,12,70,0.1714,7,0.0165,0.6316,2.476
57,lau,inicial,3,REQUEST,4,70,0.0571,2,0.0047,0.6667,2.437
58,wi,inicial,2,REQUEST,5,70,0.0714,3,0.0071,0.625,2.314
59,lli',inicial,3,REQUEST,6,70,0.0857,4,0.0094,0.6,2.243
60,aj,inicial,2,AFI,22,71,0.3099,0,0.0,1.0,5.953
61,ajá,inicial,3,AFI,21,71,0.2958,0,0.0,1.0,5.888
62,ins,inicial,3,AFI,4,71,0.0563,0,0.0,1.0,4.034
63,inse,inicial,4,AFI,4,71,0.0563,0,0.0,1.0,4.034
64,nañi,inicial,4,AFI,4,71,0.0563,0,0.0,1.0,4.034
65,nañ,inicial,3,AFI,4,71,0.0563,0,0.0,1.0,4.034
66,insek,inicial,5,AFI,4,71,0.0563,0,0.0,1.0,4.034
67,mupall,inicial,5,AFI,6,71,0.0845,1,0.0024,0.8571,3.33
68,mupalli,inicial,6,AFI,6,71,0.0845,1,0.0024,0.8571,3.33
69,nu's,inicial,4,AFI,5,71,0.0704,1,0.0024,0.8333,3.148
70,nu'su,inicial,5,AFI,5,71,0.0704,1,0.0024,0.8333,3.148
71,nu'su',inicial,6,AFI,5,71,0.0704,1,0.0024,0.8333,3.148
72,lachek',inicial,6,AFI,5,71,0.0704,2,0.0047,0.7143,2.635
73,lachek,inicial,5,AFI,5,71,0.0704,2,0.0047,0.7143,2.635
74,lach,inicial,3,AFI,5,71,0.0704,2,0.0047,0.7143,2.635
75,ñid,inicial,3,NEG,13,70,0.1857,0,0.0,1.0,5.295
76,ñide,inicial,4,NEG,13,70,0.1857,0,0.0,1.0,5.295
77,ñiden,inicial,5,NEG,13,70,0.1857,0,0.0,1.0,5.295
78,ñinpi,inicial,5,NEG,10,70,0.1429,0,0.0,1.0,4.993
79,ñinp,inicial,4,NEG,10,70,0.1429,0,0.0,1.0,4.993
80,ñinpi',inicial,6,NEG,10,70,0.1429,0,0.0,1.0,4.993
81,paw,inicial,3,NEG,5,70,0.0714,0,0.0,1.0,4.267
82,pawa,inicial,4,NEG,5,70,0.0714,0,0.0,1.0,4.267
83,pawan,inicial,5,NEG,5,70,0.0714,0,0.0,1.0,4.267
84,pawant,inicial,6,NEG,5,70,0.0714,0,0.0,1.0,4.267
85,ñi',inicial,3,NEG,4,70,0.0571,0,0.0,1.0,4.051
86,tra,inicial,3,NEG,4,70,0.0571,0,0.0,1.0,4.051
87,tra',inicial,4,NEG,4,70,0.0571,0,0.0,1.0,4.051
88,tr,inicial,2,NEG,4,70,0.0571,0,0.0,1.0,4.051
89,ñi'ñi,inicial,5,NEG,4,70,0.0571,0,0.0,1.0,4.051
90,nuka'k,inicial,6,DES,8,71,0.1127,0,0.0,1.0,4.731
91,ñapaw,inicial,5,DES,4,71,0.0563,0,0.0,1.0,4.034
92,ñapawi,inicial,6,DES,4,71,0.0563,0,0.0,1.0,4.034
93,nuka',inicial,5,DES,9,71,0.1268,5,0.0118,0.6429,2.448
94,nuka,inicial,4,DES,9,71,0.1268,7,0.0165,0.5625,2.133
95,nuk,inicial,3,DES,9,71,0.1268,7,0.0165,0.5625,2.133
96,ase,inicial,3,DES,4,71,0.0563,6,0.0142,0.4,1.454
97,asek,inicial,4,DES,4,71,0.0563,6,0.0142,0.4,1.454
98,nu,inicial,2,DES,11,71,0.1549,19,0.0449,0.3667,1.372
99,ña,inicial,2,DES,12,71,0.169,21,0.0496,0.3636,1.369
100,ñapa,inicial,4,DES,12,71,0.169,21,0.0496,0.3636,1.369
101,ñap,inicial,3,DES,12,71,0.169,21,0.0496,0.3636,1.369
102,sa,inicial,2,DES,5,71,0.0704,9,0.0213,0.3571,1.283
103,ka,inicial,2,DES,9,71,0.1268,18,0.0426,0.3333,1.203
104,as,inicial,2,DES,5,71,0.0704,10,0.0236,0.3333,1.181
