regimen,modelo,tecnica,f1_macro,sd_entre_semillas,n_semillas,n_reales_medio,n_sinteticos_medio
10,labse,generate_then_refine,0.43154402738907244,,1,70.0,98.0
10,labse,mixup,0.3788975983076146,0.01128191919527525,3,70.0,70.0
10,labse,retrotraduccion,0.3823174243330582,0.014353348465217491,3,70.0,58.46666666666667
10,labse,sin_aumento,0.38296029984548974,0.013797269342481462,3,70.0,0.0
10,mbert,generate_then_refine,0.5026336424564121,,1,70.0,98.0
10,mbert,mixup,0.43160179907665275,0.04775181809298189,3,70.0,70.0
10,mbert,retrotraduccion,0.42642300175550857,0.01809619695313738,3,70.0,58.46666666666667
10,mbert,sin_aumento,0.4310217993735286,0.04620479414985797,3,70.0,0.0
10,xlmr,generate_then_refine,0.42265995917524035,,1,70.0,98.0
10,xlmr,mixup,0.3603555200435751,0.014264059288255644,3,70.0,70.0
10,xlmr,retrotraduccion,0.3824178408838386,0.01794115488888028,3,70.0,58.46666666666667
10,xlmr,sin_aumento,0.3719793987010506,0.005143133988592939,3,70.0,0.0
25,labse,generate_then_refine,0.5225803265474076,,1,175.0,179.8
25,labse,mixup,0.4898840976032413,0.010985439571598846,3,175.0,175.0
25,labse,retrotraduccion,0.4686999678429909,0.005313247505171549,3,175.0,145.13333333333333
25,labse,sin_aumento,0.49457633477689383,0.008766663727025758,3,175.0,0.0
25,mbert,generate_then_refine,0.598643386077058,,1,175.0,179.8
25,mbert,mixup,0.523795624667113,0.022752236688126155,3,175.0,175.0
25,mbert,retrotraduccion,0.5098588565048229,0.03431389013283198,3,175.0,145.13333333333333
25,mbert,sin_aumento,0.5265767479121413,0.025303718427040264,3,175.0,0.0
25,xlmr,generate_then_refine,0.5185365370718177,,1,175.0,179.8
25,xlmr,mixup,0.4593160615211597,0.027734976358118148,3,175.0,175.0
25,xlmr,retrotraduccion,0.4562604678396081,0.02516423540509523,3,175.0,145.13333333333333
25,xlmr,sin_aumento,0.4644308179283101,0.01906098879961411,3,175.0,0.0
50,labse,generate_then_refine,0.5839685495276382,,1,350.0,344.2
50,labse,mixup,0.5593719225470147,0.009691803609616082,3,350.0,350.0
50,labse,retrotraduccion,0.5548217101564631,0.0077369505721432905,3,350.0,291.4
50,labse,sin_aumento,0.5699409975837911,0.008014010975410137,3,350.0,0.0
50,mbert,generate_then_refine,0.6317559351983577,,1,350.0,344.2
50,mbert,mixup,0.6044518536532136,0.011730005261377704,3,350.0,350.0
50,mbert,retrotraduccion,0.5786876023602869,0.005981615386157766,3,350.0,291.4
50,mbert,sin_aumento,0.6003914115085078,0.007654928774147231,3,350.0,0.0
50,xlmr,generate_then_refine,0.5439158827800908,,1,350.0,344.2
50,xlmr,mixup,0.5312958132219582,0.010219907433288601,3,350.0,350.0
50,xlmr,retrotraduccion,0.5258997666281208,0.0025715497402551183,3,350.0,291.4
50,xlmr,sin_aumento,0.5310942762771184,0.013170940019843527,3,350.0,0.0
80,labse,generate_then_refine,0.5802055804947697,,1,560.0,497.8
80,labse,mixup,0.5902499875389213,0.0034902493893509247,3,560.0,560.0
80,labse,retrotraduccion,0.5908213519415341,0.0,3,560.0,466.2
80,labse,sin_aumento,0.5871693780212032,0.0,3,560.0,0.0
80,mbert,generate_then_refine,0.6563145497675731,,1,560.0,497.8
80,mbert,mixup,0.6476389363084694,0.0034056916796148993,3,560.0,560.0
80,mbert,retrotraduccion,0.6325951369753806,0.0,3,560.0,466.2
80,mbert,sin_aumento,0.6654128309003031,0.0,3,560.0,0.0
80,xlmr,generate_then_refine,0.5887758098616463,,1,560.0,497.8
80,xlmr,mixup,0.5624949248035757,0.008746040663779644,3,560.0,560.0
80,xlmr,retrotraduccion,0.5493246914408055,0.0,3,560.0,466.2
80,xlmr,sin_aumento,0.5704151017145488,0.0,3,560.0,0.0
