modelo,corpus,estrategia,f1_macro,ic95_bajo,ic95_alto
labse,sin aumento,cls,0.5912568814304615,0.55345269740505,0.6265252887312447
mbert,sin aumento,cls,0.6173662675551108,0.579602015466847,0.6507521238399872
xlmr,sin aumento,cls,0.5441413914594293,0.5066231091012049,0.5763812636598414
labse,Retrotraduccion,cls,0.5846461357443811,0.5477476088337556,0.6190924106538126
mbert,Retrotraduccion,cls,0.6006886425609322,0.5646482505790551,0.6353428346518833
xlmr,Retrotraduccion,cls,0.5238838183905872,0.4862044342335672,0.5583461889629908
labse,GtR 120,cls,0.5882735881606537,0.5507657533906987,0.624135922065833
mbert,GtR 120,cls,0.6363204725082873,0.598759569114223,0.6697076630223369
xlmr,GtR 120,cls,0.5729538932660557,0.5356750546836806,0.6072009597050374
labse,sin aumento,mean_pooling,0.5959963010505961,0.5580268930413986,0.6303405041325176
mbert,sin aumento,mean_pooling,0.6665678490020607,0.6310962359385098,0.6993077525819145
xlmr,sin aumento,mean_pooling,0.5730785227123387,0.5360117184640685,0.605028092541423
labse,Retrotraduccion,mean_pooling,0.5893003591940403,0.5517031352628676,0.6244435091751862
mbert,Retrotraduccion,mean_pooling,0.6164074313271126,0.5792848176608931,0.6513536042659265
xlmr,Retrotraduccion,mean_pooling,0.5498886684957063,0.5121837732323347,0.583542418963788
labse,GtR 120,mean_pooling,0.6075703629762074,0.5710801080654951,0.6421659485214963
mbert,GtR 120,mean_pooling,0.6568510891750954,0.6208628265176365,0.6891207231228338
xlmr,GtR 120,mean_pooling,0.5857137965860104,0.5460338227177932,0.619392577739309
labse,sin aumento,max_pooling,0.6220159750525527,0.584828808067607,0.6563459764311218
mbert,sin aumento,max_pooling,0.6575328790642236,0.622695989157112,0.6875642644859621
xlmr,sin aumento,max_pooling,0.5923419393582022,0.5560263636317542,0.6269901635987829
labse,Retrotraduccion,max_pooling,0.6055023948924665,0.5676051301548088,0.6396601616093587
mbert,Retrotraduccion,max_pooling,0.6261427711090267,0.59095944633069,0.6589540182552901
xlmr,Retrotraduccion,max_pooling,0.556774445666141,0.5197274029944026,0.5923129254975276
labse,GtR 120,max_pooling,0.6216449339218163,0.5837153271028173,0.6564050408605492
mbert,GtR 120,max_pooling,0.6628093252926924,0.6253084781941075,0.6946027928879137
xlmr,GtR 120,max_pooling,0.6075259900307648,0.5715828344187776,0.6416799588961524
labse,sin aumento,combinacion_capas,0.6153650245745641,0.5787379183845589,0.6490110972057064
mbert,sin aumento,combinacion_capas,0.6455613677821272,0.6093762523686143,0.6783860281551509
xlmr,sin aumento,combinacion_capas,0.5996964259880988,0.562170540701448,0.6332955994655334
labse,Retrotraduccion,combinacion_capas,0.593760407727536,0.5572735205431393,0.6265257822027558
mbert,Retrotraduccion,combinacion_capas,0.6379593665342711,0.6017569113449024,0.6718545244212959
xlmr,Retrotraduccion,combinacion_capas,0.5632961174780681,0.5248774245350499,0.5957387660246856
